comb,WT_div,LZ_div,type,morph,community,coevolved,morph_comb,WT_coev,LZ_coev,treatment,treatment2,T0_count_ml,T1_count,T1_count_ml
1,1,1,LZ,SM,3,N,SM,N,N,1N_1N,SM_WS,677857.1429,34,226666666.7
1,1,1,LZ,WS,NA,N,WS,N,N,1N_1N,SM_WS,NA,0,NA
1,1,1,WT,SM,NA,N,SM,N,N,1N_1N,SM_WS,NA,0,NA
1,1,1,WT,WS,1,N,WS,N,N,1N_1N,SM_WS,773035.7143,5,33333333.33
10,0,2,LZ,SM,3,Y,SM_WS,N,Y,2Y_0N,WS:SM:Y_NA,338928.5714,57,3.80E+08
10,0,2,LZ,WS,3,Y,SM_WS,N,Y,2Y_0N,WS:SM:Y_NA,30294.64286,7,46666666.67
10,0,2,WT,SM,NA,N,SM,N,Y,2Y_0N,WS:SM:Y_NA,NA,0,NA
10,0,2,WT,WS,NA,N,WS,N,Y,2Y_0N,WS:SM:Y_NA,NA,0,NA
100,2,2,LZ,SM,7,N,SM_WS,Y,N,2N_2Y,WS:SM:N_WS:SM:Y,200803.5714,61,406666666.7
100,2,2,LZ,WS,6,N,SM_WS,Y,N,2N_2Y,WS:SM:N_WS:SM:Y,200803.5714,10,66666666.67
100,2,2,WT,SM,10,Y,SM_WS,Y,N,2N_2Y,WS:SM:N_WS:SM:Y,432946.4286,13,86666666.67
100,2,2,WT,WS,10,Y,SM_WS,Y,N,2N_2Y,WS:SM:N_WS:SM:Y,247232.1429,4,26666666.67
101,2,2,LZ,SM,6,Y,SM_WS,N,Y,2Y_2N,WS:SM:Y_WS:SM:N,359821.4286,302,201333333.3
101,2,2,LZ,WS,6,Y,SM_WS,N,Y,2Y_2N,WS:SM:Y_WS:SM:N,200803.5714,26,17333333.33
101,2,2,WT,SM,10,N,SM_WS,N,Y,2Y_2N,WS:SM:Y_WS:SM:N,432946.4286,47,31333333.33
101,2,2,WT,WS,9,N,SM_WS,N,Y,2Y_2N,WS:SM:Y_WS:SM:N,292500,17,11333333.33
102,2,2,LZ,SM,7,Y,SM_WS,N,Y,2Y_2N,WS:SM:Y_WS:SM:N,200803.5714,128,85333333.33
102,2,2,LZ,WS,7,Y,SM_WS,N,Y,2Y_2N,WS:SM:Y_WS:SM:N,184553.5714,3,2.00E+06
102,2,2,WT,SM,9,N,SM_WS,N,Y,2Y_2N,WS:SM:Y_WS:SM:N,358660.7143,87,5.80E+07
102,2,2,WT,WS,10,N,SM_WS,N,Y,2Y_2N,WS:SM:Y_WS:SM:N,247232.1429,4,2666666.667
103,2,2,LZ,SM,6,Y,SM_WS,N,Y,2Y_2N,WS:SM:Y_WS:SM:N,359821.4286,947,631333333.3
103,2,2,LZ,WS,6,Y,SM_WS,N,Y,2Y_2N,WS:SM:Y_WS:SM:N,200803.5714,142,94666666.67
103,2,2,WT,SM,9,N,SM_WS,N,Y,2Y_2N,WS:SM:Y_WS:SM:N,358660.7143,123,8.20E+07
103,2,2,WT,WS,10,N,SM_WS,N,Y,2Y_2N,WS:SM:Y_WS:SM:N,247232.1429,84,5.60E+07
104,2,2,LZ,SM,7,Y,SM_WS,N,Y,2Y_2N,WS:SM:Y_WS:SM:N,200803.5714,69,4600000
104,2,2,LZ,WS,7,Y,SM_WS,N,Y,2Y_2N,WS:SM:Y_WS:SM:N,184553.5714,2,133333.3333
104,2,2,WT,SM,10,N,SM_WS,N,Y,2Y_2N,WS:SM:Y_WS:SM:N,432946.4286,81,5400000
104,2,2,WT,WS,9,N,SM_WS,N,Y,2Y_2N,WS:SM:Y_WS:SM:N,292500,8,533333.3333
105,1,1,LZ,SM,8,N,SM,N,N,1N_1N,SM_WS,503750,435,2.90E+08
105,1,1,LZ,WS,NA,N,WS,N,N,1N_1N,SM_WS,NA,0,NA
105,1,1,WT,SM,NA,N,SM,N,N,1N_1N,SM_WS,NA,0,NA
105,1,1,WT,WS,11,N,WS,N,N,1N_1N,SM_WS,650000,604,402666666.7
106,1,1,LZ,SM,NA,N,SM,N,N,1N_1N,WS_SM,NA,0,NA
106,1,1,LZ,WS,8,N,WS,N,N,1N_1N,WS_SM,369107.1429,1811,1207333333
106,1,1,WT,SM,11,N,SM,N,N,1N_1N,WS_SM,689464.2857,104,69333333.33
106,1,1,WT,WS,NA,N,WS,N,N,1N_1N,WS_SM,NA,0,NA
107,1,1,LZ,SM,8,N,SM,N,N,1N_1N,SM_SM,503750,77,513333333.3
107,1,1,LZ,WS,NA,N,WS,N,N,1N_1N,SM_SM,NA,0,NA
107,1,1,WT,SM,11,N,SM,N,N,1N_1N,SM_SM,689464.2857,15,1.00E+08
107,1,1,WT,WS,NA,N,WS,N,N,1N_1N,SM_SM,NA,0,NA
108,1,1,LZ,SM,NA,N,SM,N,N,1N_1N,WS_WS,NA,0,NA
108,1,1,LZ,WS,8,N,WS,N,N,1N_1N,WS_WS,369107.1429,313,2086666667
108,1,1,WT,SM,NA,N,SM,N,N,1N_1N,WS_WS,NA,0,NA
108,1,1,WT,WS,11,N,WS,N,N,1N_1N,WS_WS,650000,205,1366666667
109,2,1,LZ,SM,8,N,SM,Y,N,1N_2Y,SM_WS:SM:Y,503750,54,3.60E+08
109,2,1,LZ,WS,NA,N,WS,Y,N,1N_2Y,SM_WS:SM:Y,NA,0,NA
109,2,1,WT,SM,11,Y,SM_WS,Y,N,1N_2Y,SM_WS:SM:Y,344732.1429,15,1.00E+08
109,2,1,WT,WS,11,Y,SM_WS,Y,N,1N_2Y,SM_WS:SM:Y,325000,10,66666666.67
11,1,1,LZ,SM,4,N,SM,N,N,1N_1N,SM_WS,244446.4286,80,533333333.3
11,1,1,LZ,WS,NA,N,WS,N,N,1N_1N,SM_WS,NA,0,NA
11,1,1,WT,SM,NA,N,SM,N,N,1N_1N,SM_WS,NA,0,NA
11,1,1,WT,WS,7,N,WS,N,N,1N_1N,SM_WS,175267.8571,201,1.34E+09
110,2,1,LZ,SM,NA,N,SM,Y,N,1N_2Y,WS_WS:SM:Y,NA,0,NA
110,2,1,LZ,WS,8,N,WS,Y,N,1N_2Y,WS_WS:SM:Y,369107.1429,264,1.76E+09
110,2,1,WT,SM,11,Y,SM_WS,Y,N,1N_2Y,WS_WS:SM:Y,344732.1429,13,86666666.67
110,2,1,WT,WS,11,Y,SM_WS,Y,N,1N_2Y,WS_WS:SM:Y,325000,111,7.40E+08
111,1,2,LZ,SM,8,Y,SM_WS,N,Y,2Y_1N,WS:SM:Y_SM,31055.555,11,7333333.333
111,1,2,LZ,WS,8,Y,SM_WS,N,Y,2Y_1N,WS:SM:Y_SM,84680.555,37,24666666.67
111,1,2,WT,SM,11,N,SM,N,Y,2Y_1N,WS:SM:Y_SM,82333.335,3,2.00E+06
111,1,2,WT,WS,NA,N,WS,N,Y,2Y_1N,WS:SM:Y_SM,NA,0,NA
112,1,2,LZ,SM,8,Y,SM_WS,N,Y,2Y_1N,WS:SM:Y_WS,251875,45,3.00E+08
112,1,2,LZ,WS,8,Y,SM_WS,N,Y,2Y_1N,WS:SM:Y_WS,184553.5714,77,513333333.3
112,1,2,WT,SM,NA,N,SM,N,Y,2Y_1N,WS:SM:Y_WS,NA,0,NA
112,1,2,WT,WS,11,N,WS,N,Y,2Y_1N,WS:SM:Y_WS,650000,101,673333333.3
113,2,0,LZ,SM,NA,N,SM,Y,N,0N_2Y,NA_WS:SM:Y,NA,0,NA
113,2,0,LZ,WS,NA,N,WS,Y,N,0N_2Y,NA_WS:SM:Y,NA,0,NA
113,2,0,WT,SM,11,Y,SM_WS,Y,N,0N_2Y,NA_WS:SM:Y,344732.1429,9,6.00E+07
113,2,0,WT,WS,11,Y,SM_WS,Y,N,0N_2Y,NA_WS:SM:Y,325000,22,146666666.7
114,0,2,LZ,SM,8,Y,SM_WS,N,Y,2Y_0N,WS:SM:Y_NA,251875,88,586666666.7
114,0,2,LZ,WS,8,Y,SM_WS,N,Y,2Y_0N,WS:SM:Y_NA,184553.5714,206,1373333333
114,0,2,WT,SM,NA,N,SM,N,Y,2Y_0N,WS:SM:Y_NA,NA,0,NA
114,0,2,WT,WS,NA,N,WS,N,Y,2Y_0N,WS:SM:Y_NA,NA,0,NA
115,1,1,LZ,SM,9,N,SM,N,N,1N_1N,SM_WS,448035.7143,36,2.40E+08
115,1,1,LZ,WS,NA,N,WS,N,N,1N_1N,SM_WS,NA,0,NA
115,1,1,WT,SM,NA,N,SM,N,N,1N_1N,SM_WS,NA,0,NA
115,1,1,WT,WS,12,N,WS,N,N,1N_1N,SM_WS,468928.5714,31,206666666.7
116,1,1,LZ,SM,NA,N,SM,N,N,1N_1N,WS_SM,NA,17,NA
116,1,1,LZ,WS,9,N,WS,N,N,1N_1N,WS_SM,408571.4286,9,6.00E+07
116,1,1,WT,SM,12,N,SM,N,N,1N_1N,WS_SM,726607.1429,4,26666666.67
116,1,1,WT,WS,NA,N,WS,N,N,1N_1N,WS_SM,NA,0,NA
117,1,1,LZ,SM,9,N,SM,N,N,1N_1N,SM_SM,448035.7143,5,3333333.333
117,1,1,LZ,WS,NA,N,WS,N,N,1N_1N,SM_SM,NA,0,NA
117,1,1,WT,SM,12,N,SM,N,N,1N_1N,SM_SM,726607.1429,12,8.00E+06
117,1,1,WT,WS,NA,N,WS,N,N,1N_1N,SM_SM,NA,0,NA
118,1,1,LZ,SM,NA,N,SM,N,N,1N_1N,WS_WS,NA,19,NA
118,1,1,LZ,WS,9,N,WS,N,N,1N_1N,WS_WS,408571.4286,8,53333333.33
118,1,1,WT,SM,NA,N,SM,N,N,1N_1N,WS_WS,NA,1,NA
118,1,1,WT,WS,12,N,WS,N,N,1N_1N,WS_WS,468928.5714,166,1106666667
119,2,1,LZ,SM,9,N,SM,Y,N,1N_2Y,SM_WS:SM:Y,448035.7143,119,79333333.33
119,2,1,LZ,WS,NA,N,WS,Y,N,1N_2Y,SM_WS:SM:Y,NA,0,NA
119,2,1,WT,SM,12,Y,SM_WS,Y,N,1N_2Y,SM_WS:SM:Y,363303.5714,89,59333333.33
119,2,1,WT,WS,12,Y,SM_WS,Y,N,1N_2Y,SM_WS:SM:Y,234464.2857,159,1.06E+08
12,1,1,LZ,SM,NA,N,SM,N,N,1N_1N,WS_SM,NA,36,NA
12,1,1,LZ,WS,4,N,WS,N,N,1N_1N,WS_SM,141839.2857,165,1.10E+09
12,1,1,WT,SM,7,N,SM,N,N,1N_1N,WS_SM,717321.4286,3,2.00E+07
12,1,1,WT,WS,NA,N,WS,N,N,1N_1N,WS_SM,NA,0,NA
120,2,1,LZ,SM,NA,N,SM,Y,N,1N_2Y,WS_WS:SM:Y,NA,15,NA
120,2,1,LZ,WS,9,N,WS,Y,N,1N_2Y,WS_WS:SM:Y,408571.4286,27,1.80E+07
120,2,1,WT,SM,12,Y,SM_WS,Y,N,1N_2Y,WS_WS:SM:Y,363303.5714,71,47333333.33
120,2,1,WT,WS,12,Y,SM_WS,Y,N,1N_2Y,WS_WS:SM:Y,234464.2857,44,29333333.33
121,1,2,LZ,SM,9,Y,SM_WS,N,Y,2Y_1N,WS:SM:Y_SM,224017.8571,102,6.80E+07
121,1,2,LZ,WS,9,Y,SM_WS,N,Y,2Y_1N,WS:SM:Y_SM,204285.7143,34,22666666.67
121,1,2,WT,SM,12,N,SM,N,Y,2Y_1N,WS:SM:Y_SM,726607.1429,100,66666666.67
121,1,2,WT,WS,NA,N,WS,N,Y,2Y_1N,WS:SM:Y_SM,NA,0,NA
122,1,2,LZ,SM,9,Y,SM_WS,N,Y,2Y_1N,WS:SM:Y_WS,224017.8571,6,4.00E+07
122,1,2,LZ,WS,9,Y,SM_WS,N,Y,2Y_1N,WS:SM:Y_WS,204285.7143,3,2.00E+07
122,1,2,WT,SM,NA,N,SM,N,Y,2Y_1N,WS:SM:Y_WS,NA,0,NA
122,1,2,WT,WS,12,N,WS,N,Y,2Y_1N,WS:SM:Y_WS,468928.5714,18,1.20E+08
123,2,0,LZ,SM,NA,N,SM,Y,N,0N_2Y,NA_WS:SM:Y,NA,0,NA
123,2,0,LZ,WS,NA,N,WS,Y,N,0N_2Y,NA_WS:SM:Y,NA,0,NA
123,2,0,WT,SM,12,Y,SM_WS,Y,N,0N_2Y,NA_WS:SM:Y,363303.5714,67,44666666.67
123,2,0,WT,WS,12,Y,SM_WS,Y,N,0N_2Y,NA_WS:SM:Y,234464.2857,28,18666666.67
124,0,2,LZ,SM,9,Y,SM_WS,N,Y,2Y_0N,WS:SM:Y_NA,224017.8571,327,2.18E+08
124,0,2,LZ,WS,9,Y,SM_WS,N,Y,2Y_0N,WS:SM:Y_NA,204285.7143,151,100666666.7
124,0,2,WT,SM,NA,N,SM,N,Y,2Y_0N,WS:SM:Y_NA,NA,0,NA
124,0,2,WT,WS,NA,N,WS,N,Y,2Y_0N,WS:SM:Y_NA,NA,0,NA
125,2,1,LZ,SM,8,N,SM,N,N,1N_2N,SM_WS:SM:N,503750,471,3.14E+08
125,2,1,LZ,WS,NA,N,WS,N,N,1N_2N,SM_WS:SM:N,NA,0,NA
125,2,1,WT,SM,11,N,SM_WS,N,N,1N_2N,SM_WS:SM:N,344732.1429,111,7.40E+07
125,2,1,WT,WS,12,N,SM_WS,N,N,1N_2N,SM_WS:SM:N,234464.2857,323,215333333.3
126,2,1,LZ,SM,9,N,SM,N,N,1N_2N,SM_WS:SM:N,448035.7143,186,1.24E+08
126,2,1,LZ,WS,NA,N,WS,N,N,1N_2N,SM_WS:SM:N,NA,0,NA
126,2,1,WT,SM,11,N,SM_WS,N,N,1N_2N,SM_WS:SM:N,344732.1429,62,41333333.33
126,2,1,WT,WS,12,N,SM_WS,N,N,1N_2N,SM_WS:SM:N,234464.2857,85,56666666.67
127,2,1,LZ,SM,NA,N,SM,N,N,1N_2N,WS_WS:SM:N,NA,0,NA
127,2,1,LZ,WS,8,N,WS,N,N,1N_2N,WS_WS:SM:N,369107.1429,57,3.80E+08
127,2,1,WT,SM,11,N,SM_WS,N,N,1N_2N,WS_WS:SM:N,344732.1429,11,73333333.33
127,2,1,WT,WS,12,N,SM_WS,N,N,1N_2N,WS_WS:SM:N,234464.2857,92,613333333.3
128,2,1,LZ,SM,NA,N,SM,N,N,1N_2N,WS_WS:SM:N,NA,138,NA
128,2,1,LZ,WS,9,N,WS,N,N,1N_2N,WS_WS:SM:N,408571.4286,23,15333333.33
128,2,1,WT,SM,11,N,SM_WS,N,N,1N_2N,WS_WS:SM:N,344732.1429,109,72666666.67
128,2,1,WT,WS,12,N,SM_WS,N,N,1N_2N,WS_WS:SM:N,234464.2857,30,2.00E+07
129,2,1,LZ,SM,8,N,SM,N,N,1N_2N,SM_WS:SM:N,503750,38,253333333.3
129,2,1,LZ,WS,NA,N,WS,N,N,1N_2N,SM_WS:SM:N,NA,0,NA
129,2,1,WT,SM,12,N,SM_WS,N,N,1N_2N,SM_WS:SM:N,363303.5714,9,6.00E+07
129,2,1,WT,WS,11,N,SM_WS,N,N,1N_2N,SM_WS:SM:N,325000,78,5.20E+08
13,1,1,LZ,SM,4,N,SM,N,N,1N_1N,SM_SM,244446.4286,73,486666666.7
13,1,1,LZ,WS,NA,N,WS,N,N,1N_1N,SM_SM,NA,0,NA
13,1,1,WT,SM,7,N,SM,N,N,1N_1N,SM_SM,717321.4286,8,53333333.33
13,1,1,WT,WS,NA,N,WS,N,N,1N_1N,SM_SM,NA,0,NA
130,2,1,LZ,SM,9,N,SM,N,N,1N_2N,SM_WS:SM:N,448035.7143,74,493333333.3
130,2,1,LZ,WS,NA,N,WS,N,N,1N_2N,SM_WS:SM:N,NA,0,NA
130,2,1,WT,SM,12,N,SM_WS,N,N,1N_2N,SM_WS:SM:N,363303.5714,17,113333333.3
130,2,1,WT,WS,11,N,SM_WS,N,N,1N_2N,SM_WS:SM:N,325000,47,313333333.3
131,2,1,LZ,SM,NA,N,SM,N,N,1N_2N,WS_WS:SM:N,NA,0,NA
131,2,1,LZ,WS,8,N,WS,N,N,1N_2N,WS_WS:SM:N,369107.1429,335,2233333333
131,2,1,WT,SM,12,N,SM_WS,N,N,1N_2N,WS_WS:SM:N,363303.5714,17,113333333.3
131,2,1,WT,WS,11,N,SM_WS,N,N,1N_2N,WS_WS:SM:N,325000,279,1.86E+09
132,2,1,LZ,SM,NA,N,SM,N,N,1N_2N,WS_WS:SM:N,NA,61,NA
132,2,1,LZ,WS,9,N,WS,N,N,1N_2N,WS_WS:SM:N,408571.4286,15,1.00E+08
132,2,1,WT,SM,12,N,SM_WS,N,N,1N_2N,WS_WS:SM:N,363303.5714,22,146666666.7
132,2,1,WT,WS,11,N,SM_WS,N,N,1N_2N,WS_WS:SM:N,325000,22,146666666.7
133,1,2,LZ,SM,9,N,SM_WS,N,N,2N_1N,WS:SM:N_SM,224017.8571,72,4.80E+08
133,1,2,LZ,WS,8,N,SM_WS,N,N,2N_1N,WS:SM:N_SM,184553.5714,747,4.98E+09
133,1,2,WT,SM,11,N,SM,N,N,2N_1N,WS:SM:N_SM,689464.2857,23,153333333.3
133,1,2,WT,WS,NA,N,WS,N,N,2N_1N,WS:SM:N_SM,NA,0,NA
134,1,2,LZ,SM,9,N,SM_WS,N,N,2N_1N,WS:SM:N_SM,224017.8571,91,606666666.7
134,1,2,LZ,WS,8,N,SM_WS,N,N,2N_1N,WS:SM:N_SM,184553.5714,868,5786666667
134,1,2,WT,SM,12,N,SM,N,N,2N_1N,WS:SM:N_SM,726607.1429,19,126666666.7
134,1,2,WT,WS,NA,N,WS,N,N,2N_1N,WS:SM:N_SM,NA,0,NA
135,1,2,LZ,SM,9,N,SM_WS,N,N,2N_1N,WS:SM:N_WS,224017.8571,65,433333333.3
135,1,2,LZ,WS,8,N,SM_WS,N,N,2N_1N,WS:SM:N_WS,184553.5714,317,2113333333
135,1,2,WT,SM,NA,N,SM,N,N,2N_1N,WS:SM:N_WS,NA,0,NA
135,1,2,WT,WS,11,N,WS,N,N,2N_1N,WS:SM:N_WS,650000,537,3.58E+09
136,1,2,LZ,SM,9,N,SM_WS,N,N,2N_1N,WS:SM:N_WS,224017.8571,103,686666666.7
136,1,2,LZ,WS,8,N,SM_WS,N,N,2N_1N,WS:SM:N_WS,184553.5714,101,673333333.3
136,1,2,WT,SM,NA,N,SM,N,N,2N_1N,WS:SM:N_WS,NA,0,NA
136,1,2,WT,WS,12,N,WS,N,N,2N_1N,WS:SM:N_WS,468928.5714,272,1813333333
137,1,2,LZ,SM,8,N,SM_WS,N,N,2N_1N,WS:SM:N_SM,251875,201,1.34E+09
137,1,2,LZ,WS,9,N,SM_WS,N,N,2N_1N,WS:SM:N_SM,204285.7143,89,593333333.3
137,1,2,WT,SM,11,N,SM,N,N,2N_1N,WS:SM:N_SM,689464.2857,37,246666666.7
137,1,2,WT,WS,NA,N,WS,N,N,2N_1N,WS:SM:N_SM,NA,0,NA
138,1,2,LZ,SM,8,N,SM_WS,N,N,2N_1N,WS:SM:N_SM,251875,117,7.80E+08
138,1,2,LZ,WS,9,N,SM_WS,N,N,2N_1N,WS:SM:N_SM,204285.7143,95,633333333.3
138,1,2,WT,SM,12,N,SM,N,N,2N_1N,WS:SM:N_SM,726607.1429,10,66666666.67
138,1,2,WT,WS,NA,N,WS,N,N,2N_1N,WS:SM:N_SM,NA,0,NA
139,1,2,LZ,SM,8,N,SM_WS,N,N,2N_1N,WS:SM:N_WS,251875,198,1.32E+09
139,1,2,LZ,WS,9,N,SM_WS,N,N,2N_1N,WS:SM:N_WS,204285.7143,13,86666666.67
139,1,2,WT,SM,NA,N,SM,N,N,2N_1N,WS:SM:N_WS,NA,0,NA
139,1,2,WT,WS,11,N,WS,N,N,2N_1N,WS:SM:N_WS,650000,172,1146666667
14,1,1,LZ,SM,NA,N,SM,N,N,1N_1N,WS_WS,NA,19,NA
14,1,1,LZ,WS,4,N,WS,N,N,1N_1N,WS_WS,141839.2857,210,1.40E+09
14,1,1,WT,SM,NA,N,SM,N,N,1N_1N,WS_WS,NA,1,NA
14,1,1,WT,WS,7,N,WS,N,N,1N_1N,WS_WS,175267.8571,72,4.80E+08
140,1,2,LZ,SM,8,N,SM_WS,N,N,2N_1N,WS:SM:N_WS,251875,174,1.16E+09
140,1,2,LZ,WS,9,N,SM_WS,N,N,2N_1N,WS:SM:N_WS,204285.7143,5,33333333.33
140,1,2,WT,SM,NA,N,SM,N,N,2N_1N,WS:SM:N_WS,NA,0,NA
140,1,2,WT,WS,12,N,WS,N,N,2N_1N,WS:SM:N_WS,468928.5714,323,2153333333
141,2,2,LZ,SM,9,N,SM_WS,N,N,2N_2N,WS:SM:N_WS:SM:N,224017.8571,42,2.80E+08
141,2,2,LZ,WS,8,N,SM_WS,N,N,2N_2N,WS:SM:N_WS:SM:N,184553.5714,223,1486666667
141,2,2,WT,SM,12,N,SM_WS,N,N,2N_2N,WS:SM:N_WS:SM:N,363303.5714,13,86666666.67
141,2,2,WT,WS,11,N,SM_WS,N,N,2N_2N,WS:SM:N_WS:SM:N,325000,318,2.12E+09
142,2,2,LZ,SM,8,N,SM_WS,N,N,2N_2N,WS:SM:N_WS:SM:N,251875,42,2.80E+08
142,2,2,LZ,WS,9,N,SM_WS,N,N,2N_2N,WS:SM:N_WS:SM:N,204285.7143,28,186666666.7
142,2,2,WT,SM,12,N,SM_WS,N,N,2N_2N,WS:SM:N_WS:SM:N,363303.5714,24,1.60E+08
142,2,2,WT,WS,11,N,SM_WS,N,N,2N_2N,WS:SM:N_WS:SM:N,325000,85,566666666.7
143,2,2,LZ,SM,9,N,SM_WS,N,N,2N_2N,WS:SM:N_WS:SM:N,224017.8571,17,113333333.3
143,2,2,LZ,WS,8,N,SM_WS,N,N,2N_2N,WS:SM:N_WS:SM:N,184553.5714,113,753333333.3
143,2,2,WT,SM,11,N,SM_WS,N,N,2N_2N,WS:SM:N_WS:SM:N,344732.1429,9,6.00E+07
143,2,2,WT,WS,12,N,SM_WS,N,N,2N_2N,WS:SM:N_WS:SM:N,234464.2857,632,4213333333
144,2,2,LZ,SM,8,N,SM_WS,N,N,2N_2N,WS:SM:N_WS:SM:N,251875,84,5.60E+07
144,2,2,LZ,WS,9,N,SM_WS,N,N,2N_2N,WS:SM:N_WS:SM:N,204285.7143,50,33333333.33
144,2,2,WT,SM,11,N,SM_WS,N,N,2N_2N,WS:SM:N_WS:SM:N,344732.1429,206,137333333.3
144,2,2,WT,WS,12,N,SM_WS,N,N,2N_2N,WS:SM:N_WS:SM:N,234464.2857,225,1.50E+08
145,2,2,LZ,SM,9,N,SM_WS,Y,N,2N_2Y,WS:SM:N_WS:SM:Y,224017.8571,22,146666666.7
145,2,2,LZ,WS,8,N,SM_WS,Y,N,2N_2Y,WS:SM:N_WS:SM:Y,184553.5714,172,1146666667
145,2,2,WT,SM,11,Y,SM_WS,Y,N,2N_2Y,WS:SM:N_WS:SM:Y,344732.1429,5,33333333.33
145,2,2,WT,WS,11,Y,SM_WS,Y,N,2N_2Y,WS:SM:N_WS:SM:Y,325000,212,1413333333
146,2,2,LZ,SM,8,N,SM_WS,Y,N,2N_2Y,WS:SM:N_WS:SM:Y,251875,52,346666666.7
146,2,2,LZ,WS,9,N,SM_WS,Y,N,2N_2Y,WS:SM:N_WS:SM:Y,204285.7143,14,93333333.33
146,2,2,WT,SM,11,Y,SM_WS,Y,N,2N_2Y,WS:SM:N_WS:SM:Y,344732.1429,16,106666666.7
146,2,2,WT,WS,11,Y,SM_WS,Y,N,2N_2Y,WS:SM:N_WS:SM:Y,325000,39,2.60E+08
147,2,2,LZ,SM,8,N,SM_WS,Y,N,2N_2Y,WS:SM:N_WS:SM:Y,251875,12,8.00E+07
147,2,2,LZ,WS,9,N,SM_WS,Y,N,2N_2Y,WS:SM:N_WS:SM:Y,204285.7143,14,93333333.33
147,2,2,WT,SM,12,Y,SM_WS,Y,N,2N_2Y,WS:SM:N_WS:SM:Y,363303.5714,5,33333333.33
147,2,2,WT,WS,12,Y,SM_WS,Y,N,2N_2Y,WS:SM:N_WS:SM:Y,234464.2857,204,1.36E+09
148,2,2,LZ,SM,8,Y,SM_WS,Y,Y,2Y_2Y,WS:SM:Y_WS:SM:Y,251875,53,353333333.3
148,2,2,LZ,WS,8,Y,SM_WS,Y,Y,2Y_2Y,WS:SM:Y_WS:SM:Y,184553.5714,72,4.80E+08
148,2,2,WT,SM,12,Y,SM_WS,Y,Y,2Y_2Y,WS:SM:Y_WS:SM:Y,363303.5714,13,86666666.67
148,2,2,WT,WS,12,Y,SM_WS,Y,Y,2Y_2Y,WS:SM:Y_WS:SM:Y,234464.2857,295,1966666667
149,2,2,LZ,SM,8,Y,SM_WS,Y,Y,2Y_2Y,WS:SM:Y_WS:SM:Y,251875,87,5.80E+08
149,2,2,LZ,WS,8,Y,SM_WS,Y,Y,2Y_2Y,WS:SM:Y_WS:SM:Y,184553.5714,168,1.12E+09
149,2,2,WT,SM,11,Y,SM_WS,Y,Y,2Y_2Y,WS:SM:Y_WS:SM:Y,344732.1429,10,66666666.67
149,2,2,WT,WS,11,Y,SM_WS,Y,Y,2Y_2Y,WS:SM:Y_WS:SM:Y,325000,91,606666666.7
15,2,1,LZ,SM,4,N,SM,Y,N,1N_2Y,SM_WS:SM:Y,244446.4286,178,1186666667
15,2,1,LZ,WS,NA,N,WS,Y,N,1N_2Y,SM_WS:SM:Y,NA,0,NA
15,2,1,WT,SM,7,Y,SM_WS,Y,N,1N_2Y,SM_WS:SM:Y,358660.7143,12,8.00E+07
15,2,1,WT,WS,7,Y,SM_WS,Y,N,1N_2Y,SM_WS:SM:Y,87633.92857,126,8.40E+08
150,2,2,LZ,SM,9,Y,SM_WS,Y,Y,2Y_2Y,WS:SM:Y_WS:SM:Y,224017.8571,62,41333333.33
150,2,2,LZ,WS,9,Y,SM_WS,Y,Y,2Y_2Y,WS:SM:Y_WS:SM:Y,204285.7143,20,13333333.33
150,2,2,WT,SM,12,Y,SM_WS,Y,Y,2Y_2Y,WS:SM:Y_WS:SM:Y,363303.5714,76,50666666.67
150,2,2,WT,WS,12,Y,SM_WS,Y,Y,2Y_2Y,WS:SM:Y_WS:SM:Y,234464.2857,32,21333333.33
151,2,2,LZ,SM,9,Y,SM_WS,Y,Y,2Y_2Y,WS:SM:Y_WS:SM:Y,224017.8571,240,1.60E+08
151,2,2,LZ,WS,9,Y,SM_WS,Y,Y,2Y_2Y,WS:SM:Y_WS:SM:Y,204285.7143,51,3.40E+07
151,2,2,WT,SM,11,Y,SM_WS,Y,Y,2Y_2Y,WS:SM:Y_WS:SM:Y,344732.1429,134,89333333.33
151,2,2,WT,WS,11,Y,SM_WS,Y,Y,2Y_2Y,WS:SM:Y_WS:SM:Y,325000,114,7.60E+07
152,2,2,LZ,SM,9,N,SM_WS,Y,N,2N_2Y,WS:SM:N_WS:SM:Y,224017.8571,49,32666666.67
152,2,2,LZ,WS,8,N,SM_WS,Y,N,2N_2Y,WS:SM:N_WS:SM:Y,184553.5714,6,4.00E+06
152,2,2,WT,SM,12,Y,SM_WS,Y,N,2N_2Y,WS:SM:N_WS:SM:Y,363303.5714,111,7.40E+07
152,2,2,WT,WS,12,Y,SM_WS,Y,N,2N_2Y,WS:SM:N_WS:SM:Y,234464.2857,28,18666666.67
153,2,2,LZ,SM,8,Y,SM_WS,N,Y,2Y_2N,WS:SM:Y_WS:SM:N,251875,65,433333333.3
153,2,2,LZ,WS,8,Y,SM_WS,N,Y,2Y_2N,WS:SM:Y_WS:SM:N,184553.5714,49,326666666.7
153,2,2,WT,SM,12,N,SM_WS,N,Y,2Y_2N,WS:SM:Y_WS:SM:N,363303.5714,11,73333333.33
153,2,2,WT,WS,11,N,SM_WS,N,Y,2Y_2N,WS:SM:Y_WS:SM:N,325000,12,8.00E+07
154,2,2,LZ,SM,9,Y,SM_WS,N,Y,2Y_2N,WS:SM:Y_WS:SM:N,224017.8571,204,1.36E+08
154,2,2,LZ,WS,9,Y,SM_WS,N,Y,2Y_2N,WS:SM:Y_WS:SM:N,204285.7143,5,3333333.333
154,2,2,WT,SM,11,N,SM_WS,N,Y,2Y_2N,WS:SM:Y_WS:SM:N,344732.1429,90,6.00E+07
154,2,2,WT,WS,12,N,SM_WS,N,Y,2Y_2N,WS:SM:Y_WS:SM:N,234464.2857,12,8.00E+06
155,2,2,LZ,SM,8,Y,SM_WS,N,Y,2Y_2N,WS:SM:Y_WS:SM:N,251875,55,366666666.7
155,2,2,LZ,WS,8,Y,SM_WS,N,Y,2Y_2N,WS:SM:Y_WS:SM:N,184553.5714,18,1.20E+08
155,2,2,WT,SM,11,N,SM_WS,N,Y,2Y_2N,WS:SM:Y_WS:SM:N,344732.1429,24,1.60E+08
155,2,2,WT,WS,12,N,SM_WS,N,Y,2Y_2N,WS:SM:Y_WS:SM:N,234464.2857,63,4.20E+08
156,2,2,LZ,SM,9,Y,SM_WS,N,Y,2Y_2N,WS:SM:Y_WS:SM:N,224017.8571,176,117333333.3
156,2,2,LZ,WS,9,Y,SM_WS,N,Y,2Y_2N,WS:SM:Y_WS:SM:N,204285.7143,12,8.00E+06
156,2,2,WT,SM,12,N,SM_WS,N,Y,2Y_2N,WS:SM:Y_WS:SM:N,363303.5714,61,40666666.67
156,2,2,WT,WS,11,N,SM_WS,N,Y,2Y_2N,WS:SM:Y_WS:SM:N,325000,5,3333333.333
16,2,1,LZ,SM,NA,N,SM,Y,N,1N_2Y,WS_WS:SM:Y,NA,13,NA
16,2,1,LZ,WS,4,N,WS,Y,N,1N_2Y,WS_WS:SM:Y,141839.2857,119,793333333.3
16,2,1,WT,SM,7,Y,SM_WS,Y,N,1N_2Y,WS_WS:SM:Y,358660.7143,9,6.00E+07
16,2,1,WT,WS,7,Y,SM_WS,Y,N,1N_2Y,WS_WS:SM:Y,87633.92857,57,3.80E+08
17,1,2,LZ,SM,4,Y,SM_WS,N,Y,2Y_1N,WS:SM:Y_SM,122223.2143,44,293333333.3
17,1,2,LZ,WS,4,Y,SM_WS,N,Y,2Y_1N,WS:SM:Y_SM,70919.64286,6,4.00E+07
17,1,2,WT,SM,7,N,SM,N,Y,2Y_1N,WS:SM:Y_SM,717321.4286,11,73333333.33
17,1,2,WT,WS,NA,N,WS,N,Y,2Y_1N,WS:SM:Y_SM,NA,0,NA
18,1,2,LZ,SM,4,Y,SM_WS,N,Y,2Y_1N,WS:SM:Y_WS,122223.2143,52,346666666.7
18,1,2,LZ,WS,4,Y,SM_WS,N,Y,2Y_1N,WS:SM:Y_WS,70919.64286,108,7.20E+08
18,1,2,WT,SM,NA,N,SM,N,Y,2Y_1N,WS:SM:Y_WS,NA,1,NA
18,1,2,WT,WS,7,N,WS,N,Y,2Y_1N,WS:SM:Y_WS,175267.8571,81,5.40E+08
19,2,0,LZ,SM,NA,N,SM,Y,N,0N_2Y,NA_WS:SM:Y,NA,0,NA
19,2,0,LZ,WS,NA,N,WS,Y,N,0N_2Y,NA_WS:SM:Y,NA,0,NA
19,2,0,WT,SM,7,Y,SM_WS,Y,N,0N_2Y,NA_WS:SM:Y,358660.7143,9,6.00E+07
19,2,0,WT,WS,7,Y,SM_WS,Y,N,0N_2Y,NA_WS:SM:Y,87633.92857,254,1693333333
2,1,1,LZ,SM,NA,N,SM,N,N,1N_1N,WS_SM,NA,0,NA
2,1,1,LZ,WS,3,N,WS,N,N,1N_1N,WS_SM,60589.28571,50,333333333.3
2,1,1,WT,SM,1,N,SM,N,N,1N_1N,WS_SM,47125,23,153333333.3
2,1,1,WT,WS,NA,N,WS,N,N,1N_1N,WS_SM,NA,0,NA
20,0,2,LZ,SM,4,Y,SM_WS,N,Y,2Y_0N,WS:SM:Y_NA,122223.2143,79,526666666.7
20,0,2,LZ,WS,4,Y,SM_WS,N,Y,2Y_0N,WS:SM:Y_NA,70919.64286,190,1266666667
20,0,2,WT,SM,NA,N,SM,N,Y,2Y_0N,WS:SM:Y_NA,NA,0,NA
20,0,2,WT,WS,NA,N,WS,N,Y,2Y_0N,WS:SM:Y_NA,NA,0,NA
21,2,1,LZ,SM,3,N,SM,N,N,1N_2N,SM_WS:SM:N,677857.1429,57,3.80E+08
21,2,1,LZ,WS,NA,N,WS,N,N,1N_2N,SM_WS:SM:N,NA,0,NA
21,2,1,WT,SM,1,N,SM_WS,N,N,1N_2N,SM_WS:SM:N,23562.5,1,6666666.667
21,2,1,WT,WS,7,N,SM_WS,N,N,1N_2N,SM_WS:SM:N,87633.92857,146,973333333.3
22,2,1,LZ,SM,4,N,SM,N,N,1N_2N,SM_WS:SM:N,244446.4286,30,2.00E+08
22,2,1,LZ,WS,NA,N,WS,N,N,1N_2N,SM_WS:SM:N,NA,0,NA
22,2,1,WT,SM,1,N,SM_WS,N,N,1N_2N,SM_WS:SM:N,23562.5,6,4.00E+07
22,2,1,WT,WS,7,N,SM_WS,N,N,1N_2N,SM_WS:SM:N,87633.92857,122,813333333.3
23,2,1,LZ,SM,NA,N,SM,N,N,1N_2N,WS_WS:SM:N,NA,0,NA
23,2,1,LZ,WS,3,N,WS,N,N,1N_2N,WS_WS:SM:N,60589.28571,153,1.02E+09
23,2,1,WT,SM,1,N,SM_WS,N,N,1N_2N,WS_WS:SM:N,23562.5,6,4.00E+07
23,2,1,WT,WS,7,N,SM_WS,N,N,1N_2N,WS_WS:SM:N,87633.92857,81,5.40E+08
24,2,1,LZ,SM,NA,N,SM,N,N,1N_2N,WS_WS:SM:N,NA,3,NA
24,2,1,LZ,WS,4,N,WS,N,N,1N_2N,WS_WS:SM:N,141839.2857,124,826666666.7
24,2,1,WT,SM,1,N,SM_WS,N,N,1N_2N,WS_WS:SM:N,23562.5,15,1.00E+08
24,2,1,WT,WS,7,N,SM_WS,N,N,1N_2N,WS_WS:SM:N,87633.92857,57,3.80E+08
25,2,1,LZ,SM,3,N,SM,N,N,1N_2N,SM_WS:SM:N,677857.1429,68,45333333.33
25,2,1,LZ,WS,NA,N,WS,N,N,1N_2N,SM_WS:SM:N,NA,0,NA
25,2,1,WT,SM,7,N,SM_WS,N,N,1N_2N,SM_WS:SM:N,358660.7143,32,21333333.33
25,2,1,WT,WS,1,N,SM_WS,N,N,1N_2N,SM_WS:SM:N,386517.8571,23,15333333.33
26,2,1,LZ,SM,4,N,SM,N,N,1N_2N,SM_WS:SM:N,244446.4286,2,1333333.333
26,2,1,LZ,WS,NA,N,WS,N,N,1N_2N,SM_WS:SM:N,NA,0,NA
26,2,1,WT,SM,7,N,SM_WS,N,N,1N_2N,SM_WS:SM:N,358660.7143,25,16666666.67
26,2,1,WT,WS,1,N,SM_WS,N,N,1N_2N,SM_WS:SM:N,386517.8571,10,6666666.667
27,2,1,LZ,SM,NA,N,SM,N,N,1N_2N,WS_WS:SM:N,NA,0,NA
27,2,1,LZ,WS,3,N,WS,N,N,1N_2N,WS_WS:SM:N,60589.28571,10,1.00E+08
27,2,1,WT,SM,7,N,SM_WS,N,N,1N_2N,WS_WS:SM:N,358660.7143,9,9.00E+07
27,2,1,WT,WS,1,N,SM_WS,N,N,1N_2N,WS_WS:SM:N,386517.8571,13,1.30E+08
28,2,1,LZ,SM,NA,N,SM,N,N,1N_2N,WS_WS:SM:N,NA,5,NA
28,2,1,LZ,WS,4,N,WS,N,N,1N_2N,WS_WS:SM:N,141839.2857,77,7.70E+08
28,2,1,WT,SM,7,N,SM_WS,N,N,1N_2N,WS_WS:SM:N,358660.7143,4,4.00E+07
28,2,1,WT,WS,1,N,SM_WS,N,N,1N_2N,WS_WS:SM:N,386517.8571,16,1.60E+08
29,1,2,LZ,SM,4,N,SM_WS,N,N,2N_1N,WS:SM:N_SM,122223.2143,9,6.00E+06
29,1,2,LZ,WS,3,N,SM_WS,N,N,2N_1N,WS:SM:N_SM,30294.64286,3,2.00E+06
29,1,2,WT,SM,1,N,SM,N,N,2N_1N,WS:SM:N_SM,47125,40,26666666.67
29,1,2,WT,WS,NA,N,WS,N,N,2N_1N,WS:SM:N_SM,NA,0,NA
3,1,1,LZ,SM,3,N,SM,N,N,1N_1N,SM_SM,677857.1429,50,333333333.3
3,1,1,LZ,WS,NA,N,WS,N,N,1N_1N,SM_SM,NA,0,NA
3,1,1,WT,SM,1,N,SM,N,N,1N_1N,SM_SM,47125,6,4.00E+07
3,1,1,WT,WS,NA,N,WS,N,N,1N_1N,SM_SM,NA,0,NA
30,1,2,LZ,SM,4,N,SM_WS,N,N,2N_1N,WS:SM:N_SM,122223.2143,28,2.80E+08
30,1,2,LZ,WS,3,N,SM_WS,N,N,2N_1N,WS:SM:N_SM,30294.64286,7,7.00E+07
30,1,2,WT,SM,7,N,SM,N,N,2N_1N,WS:SM:N_SM,717321.4286,19,1.90E+08
30,1,2,WT,WS,NA,N,WS,N,N,2N_1N,WS:SM:N_SM,NA,0,NA
31,1,2,LZ,SM,4,N,SM_WS,N,N,2N_1N,WS:SM:N_WS,122223.2143,18,1.20E+08
31,1,2,LZ,WS,3,N,SM_WS,N,N,2N_1N,WS:SM:N_WS,30294.64286,131,873333333.3
31,1,2,WT,SM,NA,N,SM,N,N,2N_1N,WS:SM:N_WS,NA,0,NA
31,1,2,WT,WS,1,N,WS,N,N,2N_1N,WS:SM:N_WS,773035.7143,62,413333333.3
32,1,2,LZ,SM,4,N,SM_WS,N,N,2N_1N,WS:SM:N_WS,122223.2143,20,133333333.3
32,1,2,LZ,WS,3,N,SM_WS,N,N,2N_1N,WS:SM:N_WS,30294.64286,74,493333333.3
32,1,2,WT,SM,NA,N,SM,N,N,2N_1N,WS:SM:N_WS,NA,0,NA
32,1,2,WT,WS,7,N,WS,N,N,2N_1N,WS:SM:N_WS,175267.8571,81,5.40E+08
33,1,2,LZ,SM,3,N,SM_WS,N,N,2N_1N,WS:SM:N_SM,338928.5714,43,286666666.7
33,1,2,LZ,WS,4,N,SM_WS,N,N,2N_1N,WS:SM:N_SM,70919.64286,64,426666666.7
33,1,2,WT,SM,1,N,SM,N,N,2N_1N,WS:SM:N_SM,47125,3,2.00E+07
33,1,2,WT,WS,NA,N,WS,N,N,2N_1N,WS:SM:N_SM,NA,0,NA
34,1,2,LZ,SM,3,N,SM_WS,N,N,2N_1N,WS:SM:N_SM,338928.5714,65,433333333.3
34,1,2,LZ,WS,4,N,SM_WS,N,N,2N_1N,WS:SM:N_SM,70919.64286,82,546666666.7
34,1,2,WT,SM,7,N,SM,N,N,2N_1N,WS:SM:N_SM,717321.4286,1,6666666.667
34,1,2,WT,WS,NA,N,WS,N,N,2N_1N,WS:SM:N_SM,NA,0,NA
35,1,2,LZ,SM,3,N,SM_WS,N,N,2N_1N,WS:SM:N_WS,338928.5714,20,133333333.3
35,1,2,LZ,WS,4,N,SM_WS,N,N,2N_1N,WS:SM:N_WS,70919.64286,53,353333333.3
35,1,2,WT,SM,NA,N,SM,N,N,2N_1N,WS:SM:N_WS,NA,0,NA
35,1,2,WT,WS,1,N,WS,N,N,2N_1N,WS:SM:N_WS,773035.7143,28,186666666.7
36,1,2,LZ,SM,3,N,SM_WS,N,N,2N_1N,WS:SM:N_WS,338928.5714,55,366666666.7
36,1,2,LZ,WS,4,N,SM_WS,N,N,2N_1N,WS:SM:N_WS,70919.64286,90,6.00E+08
36,1,2,WT,SM,NA,N,SM,N,N,2N_1N,WS:SM:N_WS,NA,0,NA
36,1,2,WT,WS,7,N,WS,N,N,2N_1N,WS:SM:N_WS,175267.8571,80,533333333.3
37,2,2,LZ,SM,4,N,SM_WS,N,N,2N_2N,WS:SM:N_WS:SM:N,122223.2143,20,13333333.33
37,2,2,LZ,WS,3,N,SM_WS,N,N,2N_2N,WS:SM:N_WS:SM:N,30294.64286,4,2666666.667
37,2,2,WT,SM,7,N,SM_WS,N,N,2N_2N,WS:SM:N_WS:SM:N,358660.7143,58,38666666.67
37,2,2,WT,WS,1,N,SM_WS,N,N,2N_2N,WS:SM:N_WS:SM:N,386517.8571,11,7333333.333
38,2,2,LZ,SM,3,N,SM_WS,N,N,2N_2N,WS:SM:N_WS:SM:N,338928.5714,28,186666666.7
38,2,2,LZ,WS,4,N,SM_WS,N,N,2N_2N,WS:SM:N_WS:SM:N,70919.64286,66,4.40E+08
38,2,2,WT,SM,7,N,SM_WS,N,N,2N_2N,WS:SM:N_WS:SM:N,358660.7143,4,26666666.67
38,2,2,WT,WS,1,N,SM_WS,N,N,2N_2N,WS:SM:N_WS:SM:N,386517.8571,25,166666666.7
39,2,2,LZ,SM,4,N,SM_WS,N,N,2N_2N,WS:SM:N_WS:SM:N,122223.2143,44,293333333.3
39,2,2,LZ,WS,3,N,SM_WS,N,N,2N_2N,WS:SM:N_WS:SM:N,30294.64286,38,253333333.3
39,2,2,WT,SM,1,N,SM_WS,N,N,2N_2N,WS:SM:N_WS:SM:N,23562.5,5,33333333.33
39,2,2,WT,WS,7,N,SM_WS,N,N,2N_2N,WS:SM:N_WS:SM:N,87633.92857,56,373333333.3
4,1,1,LZ,SM,NA,N,SM,N,N,1N_1N,WS_WS,NA,1,NA
4,1,1,LZ,WS,3,N,WS,N,N,1N_1N,WS_WS,60589.28571,171,1.14E+09
4,1,1,WT,SM,NA,N,SM,N,N,1N_1N,WS_WS,NA,0,NA
4,1,1,WT,WS,1,N,WS,N,N,1N_1N,WS_WS,773035.7143,126,8.40E+08
40,2,2,LZ,SM,3,N,SM_WS,N,N,2N_2N,WS:SM:N_WS:SM:N,338928.5714,44,293333333.3
40,2,2,LZ,WS,4,N,SM_WS,N,N,2N_2N,WS:SM:N_WS:SM:N,70919.64286,45,3.00E+08
40,2,2,WT,SM,1,N,SM_WS,N,N,2N_2N,WS:SM:N_WS:SM:N,23562.5,8,53333333.33
40,2,2,WT,WS,7,N,SM_WS,N,N,2N_2N,WS:SM:N_WS:SM:N,87633.92857,23,153333333.3
41,2,2,LZ,SM,4,N,SM_WS,Y,N,2N_2Y,WS:SM:N_WS:SM:Y,122223.2143,193,128666666.7
41,2,2,LZ,WS,3,N,SM_WS,Y,N,2N_2Y,WS:SM:N_WS:SM:Y,30294.64286,18,1.20E+07
41,2,2,WT,SM,1,Y,SM_WS,Y,N,2N_2Y,WS:SM:N_WS:SM:Y,23562.5,114,7.60E+07
41,2,2,WT,WS,1,Y,SM_WS,Y,N,2N_2Y,WS:SM:N_WS:SM:Y,386517.8571,44,29333333.33
42,2,2,LZ,SM,3,N,SM_WS,Y,N,2N_2Y,WS:SM:N_WS:SM:Y,338928.5714,50,333333333.3
42,2,2,LZ,WS,4,N,SM_WS,Y,N,2N_2Y,WS:SM:N_WS:SM:Y,70919.64286,2,13333333.33
42,2,2,WT,SM,1,Y,SM_WS,Y,N,2N_2Y,WS:SM:N_WS:SM:Y,23562.5,6,4.00E+07
42,2,2,WT,WS,1,Y,SM_WS,Y,N,2N_2Y,WS:SM:N_WS:SM:Y,386517.8571,1,6666666.667
43,2,2,LZ,SM,3,N,SM_WS,Y,N,2N_2Y,WS:SM:N_WS:SM:Y,338928.5714,31,206666666.7
43,2,2,LZ,WS,4,N,SM_WS,Y,N,2N_2Y,WS:SM:N_WS:SM:Y,70919.64286,91,606666666.7
43,2,2,WT,SM,7,Y,SM_WS,Y,N,2N_2Y,WS:SM:N_WS:SM:Y,358660.7143,0,0
43,2,2,WT,WS,7,Y,SM_WS,Y,N,2N_2Y,WS:SM:N_WS:SM:Y,87633.92857,49,326666666.7
44,2,2,LZ,SM,3,Y,SM_WS,Y,Y,2Y_2Y,WS:SM:Y_WS:SM:Y,338928.5714,55,366666666.7
44,2,2,LZ,WS,3,Y,SM_WS,Y,Y,2Y_2Y,WS:SM:Y_WS:SM:Y,30294.64286,9,6.00E+07
44,2,2,WT,SM,7,Y,SM_WS,Y,Y,2Y_2Y,WS:SM:Y_WS:SM:Y,358660.7143,7,46666666.67
44,2,2,WT,WS,7,Y,SM_WS,Y,Y,2Y_2Y,WS:SM:Y_WS:SM:Y,87633.92857,41,273333333.3
45,2,2,LZ,SM,3,Y,SM_WS,Y,Y,2Y_2Y,WS:SM:Y_WS:SM:Y,338928.5714,77,51333333.33
45,2,2,LZ,WS,3,Y,SM_WS,Y,Y,2Y_2Y,WS:SM:Y_WS:SM:Y,30294.64286,1,666666.6667
45,2,2,WT,SM,1,Y,SM_WS,Y,Y,2Y_2Y,WS:SM:Y_WS:SM:Y,23562.5,31,20666666.67
45,2,2,WT,WS,1,Y,SM_WS,Y,Y,2Y_2Y,WS:SM:Y_WS:SM:Y,386517.8571,11,7333333.333
46,2,2,LZ,SM,4,Y,SM_WS,Y,Y,2Y_2Y,WS:SM:Y_WS:SM:Y,122223.2143,27,1.80E+08
46,2,2,LZ,WS,4,Y,SM_WS,Y,Y,2Y_2Y,WS:SM:Y_WS:SM:Y,70919.64286,69,4.60E+08
46,2,2,WT,SM,7,Y,SM_WS,Y,Y,2Y_2Y,WS:SM:Y_WS:SM:Y,358660.7143,6,4.00E+07
46,2,2,WT,WS,7,Y,SM_WS,Y,Y,2Y_2Y,WS:SM:Y_WS:SM:Y,87633.92857,19,126666666.7
47,2,2,LZ,SM,4,Y,SM_WS,Y,Y,2Y_2Y,WS:SM:Y_WS:SM:Y,122223.2143,56,373333333.3
47,2,2,LZ,WS,4,Y,SM_WS,Y,Y,2Y_2Y,WS:SM:Y_WS:SM:Y,70919.64286,54,3.60E+08
47,2,2,WT,SM,1,Y,SM_WS,Y,Y,2Y_2Y,WS:SM:Y_WS:SM:Y,23562.5,7,46666666.67
47,2,2,WT,WS,1,Y,SM_WS,Y,Y,2Y_2Y,WS:SM:Y_WS:SM:Y,386517.8571,39,2.60E+08
48,2,2,LZ,SM,4,N,SM_WS,Y,N,2N_2Y,WS:SM:N_WS:SM:Y,122223.2143,21,1.40E+08
48,2,2,LZ,WS,3,N,SM_WS,Y,N,2N_2Y,WS:SM:N_WS:SM:Y,30294.64286,68,453333333.3
48,2,2,WT,SM,7,Y,SM_WS,Y,N,2N_2Y,WS:SM:N_WS:SM:Y,358660.7143,6,4.00E+07
48,2,2,WT,WS,7,Y,SM_WS,Y,N,2N_2Y,WS:SM:N_WS:SM:Y,87633.92857,55,366666666.7
49,2,2,LZ,SM,3,Y,SM_WS,N,Y,2Y_2N,WS:SM:Y_WS:SM:N,338928.5714,152,101333333.3
49,2,2,LZ,WS,3,Y,SM_WS,N,Y,2Y_2N,WS:SM:Y_WS:SM:N,30294.64286,5,3333333.333
49,2,2,WT,SM,7,N,SM_WS,N,Y,2Y_2N,WS:SM:Y_WS:SM:N,358660.7143,35,23333333.33
49,2,2,WT,WS,1,N,SM_WS,N,Y,2Y_2N,WS:SM:Y_WS:SM:N,386517.8571,15,1.00E+07
5,2,1,LZ,SM,3,N,SM,Y,N,1N_2Y,SM_WS:SM:Y,677857.1429,51,3.40E+08
5,2,1,LZ,WS,NA,N,WS,Y,N,1N_2Y,SM_WS:SM:Y,NA,0,NA
5,2,1,WT,SM,1,Y,SM_WS,Y,N,1N_2Y,SM_WS:SM:Y,23562.5,5,33333333.33
5,2,1,WT,WS,1,Y,SM_WS,Y,N,1N_2Y,SM_WS:SM:Y,386517.8571,4,26666666.67
50,2,2,LZ,SM,4,Y,SM_WS,N,Y,2Y_2N,WS:SM:Y_WS:SM:N,122223.2143,64,426666666.7
50,2,2,LZ,WS,4,Y,SM_WS,N,Y,2Y_2N,WS:SM:Y_WS:SM:N,70919.64286,82,546666666.7
50,2,2,WT,SM,1,N,SM_WS,N,Y,2Y_2N,WS:SM:Y_WS:SM:N,23562.5,9,6.00E+07
50,2,2,WT,WS,7,N,SM_WS,N,Y,2Y_2N,WS:SM:Y_WS:SM:N,87633.92857,65,433333333.3
51,2,2,LZ,SM,3,Y,SM_WS,N,Y,2Y_2N,WS:SM:Y_WS:SM:N,338928.5714,26,173333333.3
51,2,2,LZ,WS,3,Y,SM_WS,N,Y,2Y_2N,WS:SM:Y_WS:SM:N,30294.64286,15,1.00E+08
51,2,2,WT,SM,1,N,SM_WS,N,Y,2Y_2N,WS:SM:Y_WS:SM:N,23562.5,6,4.00E+07
51,2,2,WT,WS,7,N,SM_WS,N,Y,2Y_2N,WS:SM:Y_WS:SM:N,87633.92857,12,8.00E+07
52,2,2,LZ,SM,4,Y,SM_WS,N,Y,2Y_2N,WS:SM:Y_WS:SM:N,122223.2143,23,153333333.3
52,2,2,LZ,WS,4,Y,SM_WS,N,Y,2Y_2N,WS:SM:Y_WS:SM:N,70919.64286,3,2.00E+07
52,2,2,WT,SM,7,N,SM_WS,N,Y,2Y_2N,WS:SM:Y_WS:SM:N,358660.7143,5,33333333.33
52,2,2,WT,WS,1,N,SM_WS,N,Y,2Y_2N,WS:SM:Y_WS:SM:N,386517.8571,2,13333333.33
53,1,1,LZ,SM,6,N,SM,N,N,1N_1N,SM_WS,719642.8571,98,653333333.3
53,1,1,LZ,WS,NA,N,WS,N,N,1N_1N,SM_WS,NA,0,NA
53,1,1,WT,SM,NA,N,SM,N,N,1N_1N,SM_WS,NA,0,NA
53,1,1,WT,WS,9,N,WS,N,N,1N_1N,SM_WS,585000,186,1.24E+09
54,1,1,LZ,SM,NA,N,SM,N,N,1N_1N,WS_SM,NA,23,NA
54,1,1,LZ,WS,6,N,WS,N,N,1N_1N,WS_SM,401607.1429,81,5.40E+08
54,1,1,WT,SM,9,N,SM,N,N,1N_1N,WS_SM,717321.4286,30,2.00E+08
54,1,1,WT,WS,NA,N,WS,N,N,1N_1N,WS_SM,NA,0,NA
55,1,1,LZ,SM,6,N,SM,N,N,1N_1N,SM_SM,719642.8571,60,4.00E+08
55,1,1,LZ,WS,NA,N,WS,N,N,1N_1N,SM_SM,NA,0,NA
55,1,1,WT,SM,9,N,SM,N,N,1N_1N,SM_SM,717321.4286,15,1.00E+08
55,1,1,WT,WS,NA,N,WS,N,N,1N_1N,SM_SM,NA,0,NA
56,1,1,LZ,SM,NA,N,SM,N,N,1N_1N,WS_WS,NA,31,NA
56,1,1,LZ,WS,6,N,WS,N,N,1N_1N,WS_WS,401607.1429,93,6.20E+08
56,1,1,WT,SM,NA,N,SM,N,N,1N_1N,WS_WS,NA,7,NA
56,1,1,WT,WS,9,N,WS,N,N,1N_1N,WS_WS,585000,45,3.00E+08
57,2,1,LZ,SM,6,N,SM,Y,N,1N_2Y,SM_WS:SM:Y,719642.8571,27,1.80E+08
57,2,1,LZ,WS,NA,N,WS,Y,N,1N_2Y,SM_WS:SM:Y,NA,0,NA
57,2,1,WT,SM,9,Y,SM_WS,Y,N,1N_2Y,SM_WS:SM:Y,358660.7143,24,1.60E+08
57,2,1,WT,WS,9,Y,SM_WS,Y,N,1N_2Y,SM_WS:SM:Y,292500,0,0
58,2,1,LZ,SM,NA,N,SM,Y,N,1N_2Y,WS_WS:SM:Y,NA,44,NA
58,2,1,LZ,WS,6,N,WS,Y,N,1N_2Y,WS_WS:SM:Y,401607.1429,93,6.20E+08
58,2,1,WT,SM,9,Y,SM_WS,Y,N,1N_2Y,WS_WS:SM:Y,358660.7143,24,1.60E+08
58,2,1,WT,WS,9,Y,SM_WS,Y,N,1N_2Y,WS_WS:SM:Y,292500,15,1.00E+08
59,1,2,LZ,SM,6,Y,SM_WS,N,Y,2Y_1N,WS:SM:Y_SM,359821.4286,175,1166666667
59,1,2,LZ,WS,6,Y,SM_WS,N,Y,2Y_1N,WS:SM:Y_SM,200803.5714,23,153333333.3
59,1,2,WT,SM,9,N,SM,N,Y,2Y_1N,WS:SM:Y_SM,717321.4286,23,153333333.3
59,1,2,WT,WS,NA,N,WS,N,Y,2Y_1N,WS:SM:Y_SM,NA,0,NA
6,2,1,LZ,SM,NA,N,SM,Y,N,1N_2Y,WS_WS:SM:Y,NA,0,NA
6,2,1,LZ,WS,3,N,WS,Y,N,1N_2Y,WS_WS:SM:Y,60589.28571,37,246666666.7
6,2,1,WT,SM,1,Y,SM_WS,Y,N,1N_2Y,WS_WS:SM:Y,23562.5,22,146666666.7
6,2,1,WT,WS,1,Y,SM_WS,Y,N,1N_2Y,WS_WS:SM:Y,386517.8571,22,146666666.7
60,1,2,LZ,SM,6,Y,SM_WS,N,Y,2Y_1N,WS:SM:Y_WS,359821.4286,214,1426666667
60,1,2,LZ,WS,6,Y,SM_WS,N,Y,2Y_1N,WS:SM:Y_WS,200803.5714,111,7.40E+08
60,1,2,WT,SM,NA,N,SM,N,Y,2Y_1N,WS:SM:Y_WS,NA,4,NA
60,1,2,WT,WS,9,N,WS,N,Y,2Y_1N,WS:SM:Y_WS,585000,46,306666666.7
61,2,0,LZ,SM,NA,N,SM,Y,N,0N_2Y,NA_WS:SM:Y,NA,0,NA
61,2,0,LZ,WS,NA,N,WS,Y,N,0N_2Y,NA_WS:SM:Y,NA,0,NA
61,2,0,WT,SM,9,Y,SM_WS,Y,N,0N_2Y,NA_WS:SM:Y,358660.7143,30,2.00E+08
61,2,0,WT,WS,9,Y,SM_WS,Y,N,0N_2Y,NA_WS:SM:Y,292500,235,1566666667
62,0,2,LZ,SM,6,Y,SM_WS,N,Y,2Y_0N,WS:SM:Y_NA,359821.4286,132,8.80E+08
62,0,2,LZ,WS,6,Y,SM_WS,N,Y,2Y_0N,WS:SM:Y_NA,200803.5714,42,2.80E+08
62,0,2,WT,SM,NA,N,SM,N,Y,2Y_0N,WS:SM:Y_NA,NA,0,NA
62,0,2,WT,WS,NA,N,WS,N,Y,2Y_0N,WS:SM:Y_NA,NA,0,NA
63,1,1,LZ,SM,7,N,SM,N,N,1N_1N,SM_WS,401607.1429,100,666666666.7
63,1,1,LZ,WS,NA,N,WS,N,N,1N_1N,SM_WS,NA,0,NA
63,1,1,WT,SM,NA,N,SM,N,N,1N_1N,SM_WS,NA,0,NA
63,1,1,WT,WS,10,N,WS,N,N,1N_1N,SM_WS,494464.2857,29,193333333.3
64,1,1,LZ,SM,NA,N,SM,N,N,1N_1N,WS_SM,NA,1,NA
64,1,1,LZ,WS,7,N,WS,N,N,1N_1N,WS_SM,369107.1429,70,466666666.7
64,1,1,WT,SM,10,N,SM,N,N,1N_1N,WS_SM,865892.8571,33,2.20E+08
64,1,1,WT,WS,NA,N,WS,N,N,1N_1N,WS_SM,NA,0,NA
65,1,1,LZ,SM,7,N,SM,N,N,1N_1N,SM_SM,401607.1429,52,346666666.7
65,1,1,LZ,WS,NA,N,WS,N,N,1N_1N,SM_SM,NA,0,NA
65,1,1,WT,SM,10,N,SM,N,N,1N_1N,SM_SM,865892.8571,18,1.20E+08
65,1,1,WT,WS,NA,N,WS,N,N,1N_1N,SM_SM,NA,0,NA
66,1,1,LZ,SM,NA,N,SM,N,N,1N_1N,WS_WS,NA,0,NA
66,1,1,LZ,WS,7,N,WS,N,N,1N_1N,WS_WS,369107.1429,69,4.60E+08
66,1,1,WT,SM,NA,N,SM,N,N,1N_1N,WS_WS,NA,16,NA
66,1,1,WT,WS,10,N,WS,N,N,1N_1N,WS_WS,494464.2857,56,373333333.3
67,2,1,LZ,SM,7,N,SM,Y,N,1N_2Y,SM_WS:SM:Y,401607.1429,52,346666666.7
67,2,1,LZ,WS,NA,N,WS,Y,N,1N_2Y,SM_WS:SM:Y,NA,0,NA
67,2,1,WT,SM,10,Y,SM_WS,Y,N,1N_2Y,SM_WS:SM:Y,432946.4286,23,153333333.3
67,2,1,WT,WS,10,Y,SM_WS,Y,N,1N_2Y,SM_WS:SM:Y,247232.1429,0,0
68,2,1,LZ,SM,NA,N,SM,Y,N,1N_2Y,WS_WS:SM:Y,NA,0,NA
68,2,1,LZ,WS,7,N,WS,Y,N,1N_2Y,WS_WS:SM:Y,369107.1429,48,3.20E+08
68,2,1,WT,SM,10,Y,SM_WS,Y,N,1N_2Y,WS_WS:SM:Y,432946.4286,33,2.20E+08
68,2,1,WT,WS,10,Y,SM_WS,Y,N,1N_2Y,WS_WS:SM:Y,247232.1429,17,113333333.3
69,1,2,LZ,SM,7,Y,SM_WS,N,Y,2Y_1N,WS:SM:Y_SM,200803.5714,13,8666666.667
69,1,2,LZ,WS,7,Y,SM_WS,N,Y,2Y_1N,WS:SM:Y_SM,184553.5714,0,0
69,1,2,WT,SM,10,N,SM,N,Y,2Y_1N,WS:SM:Y_SM,865892.8571,42,2.80E+07
69,1,2,WT,WS,NA,N,WS,N,Y,2Y_1N,WS:SM:Y_SM,NA,0,NA
7,1,2,LZ,SM,3,Y,SM_WS,N,Y,2Y_1N,WS:SM:Y_SM,338928.5714,43,286666666.7
7,1,2,LZ,WS,3,Y,SM_WS,N,Y,2Y_1N,WS:SM:Y_SM,30294.64286,10,66666666.67
7,1,2,WT,SM,1,N,SM,N,Y,2Y_1N,WS:SM:Y_SM,47125,4,26666666.67
7,1,2,WT,WS,NA,N,WS,N,Y,2Y_1N,WS:SM:Y_SM,NA,0,NA
70,1,2,LZ,SM,7,Y,SM_WS,N,Y,2Y_1N,WS:SM:Y_WS,200803.5714,164,1093333333
70,1,2,LZ,WS,7,Y,SM_WS,N,Y,2Y_1N,WS:SM:Y_WS,184553.5714,123,8.20E+08
70,1,2,WT,SM,NA,N,SM,N,Y,2Y_1N,WS:SM:Y_WS,NA,0,NA
70,1,2,WT,WS,10,N,WS,N,Y,2Y_1N,WS:SM:Y_WS,494464.2857,42,2.80E+08
71,2,0,LZ,SM,NA,N,SM,Y,N,0N_2Y,NA_WS:SM:Y,NA,0,NA
71,2,0,LZ,WS,NA,N,WS,Y,N,0N_2Y,NA_WS:SM:Y,NA,0,NA
71,2,0,WT,SM,10,Y,SM_WS,Y,N,0N_2Y,NA_WS:SM:Y,432946.4286,15,1.00E+08
71,2,0,WT,WS,10,Y,SM_WS,Y,N,0N_2Y,NA_WS:SM:Y,247232.1429,52,346666666.7
72,0,2,LZ,SM,7,Y,SM_WS,N,Y,2Y_0N,WS:SM:Y_NA,200803.5714,219,1.46E+09
72,0,2,LZ,WS,7,Y,SM_WS,N,Y,2Y_0N,WS:SM:Y_NA,184553.5714,91,606666666.7
72,0,2,WT,SM,NA,N,SM,N,Y,2Y_0N,WS:SM:Y_NA,NA,0,NA
72,0,2,WT,WS,NA,N,WS,N,Y,2Y_0N,WS:SM:Y_NA,NA,0,NA
73,2,1,LZ,SM,6,N,SM,N,N,1N_2N,SM_WS:SM:N,719642.8571,196,1306666667
73,2,1,LZ,WS,NA,N,WS,N,N,1N_2N,SM_WS:SM:N,NA,0,NA
73,2,1,WT,SM,9,N,SM_WS,N,N,1N_2N,SM_WS:SM:N,358660.7143,37,246666666.7
73,2,1,WT,WS,10,N,SM_WS,N,N,1N_2N,SM_WS:SM:N,247232.1429,4,26666666.67
74,2,1,LZ,SM,7,N,SM,N,N,1N_2N,SM_WS:SM:N,401607.1429,39,2.60E+08
74,2,1,LZ,WS,NA,N,WS,N,N,1N_2N,SM_WS:SM:N,NA,0,NA
74,2,1,WT,SM,9,N,SM_WS,N,N,1N_2N,SM_WS:SM:N,358660.7143,31,206666666.7
74,2,1,WT,WS,10,N,SM_WS,N,N,1N_2N,SM_WS:SM:N,247232.1429,2,13333333.33
75,2,1,LZ,SM,NA,N,SM,N,N,1N_2N,WS_WS:SM:N,NA,27,NA
75,2,1,LZ,WS,6,N,WS,N,N,1N_2N,WS_WS:SM:N,401607.1429,203,1353333333
75,2,1,WT,SM,9,N,SM_WS,N,N,1N_2N,WS_WS:SM:N,358660.7143,16,106666666.7
75,2,1,WT,WS,10,N,SM_WS,N,N,1N_2N,WS_WS:SM:N,247232.1429,29,193333333.3
76,2,1,LZ,SM,NA,N,SM,N,N,1N_2N,WS_WS:SM:N,NA,11,NA
76,2,1,LZ,WS,7,N,WS,N,N,1N_2N,WS_WS:SM:N,369107.1429,59,393333333.3
76,2,1,WT,SM,9,N,SM_WS,N,N,1N_2N,WS_WS:SM:N,358660.7143,48,3.20E+08
76,2,1,WT,WS,10,N,SM_WS,N,N,1N_2N,WS_WS:SM:N,247232.1429,17,113333333.3
77,2,1,LZ,SM,6,N,SM,N,N,1N_2N,SM_WS:SM:N,719642.8571,29,193333333.3
77,2,1,LZ,WS,NA,N,WS,N,N,1N_2N,SM_WS:SM:N,NA,4,NA
77,2,1,WT,SM,10,N,SM_WS,N,N,1N_2N,SM_WS:SM:N,432946.4286,34,226666666.7
77,2,1,WT,WS,9,N,SM_WS,N,N,1N_2N,SM_WS:SM:N,292500,5,33333333.33
78,2,1,LZ,SM,7,N,SM,N,N,1N_2N,SM_WS:SM:N,401607.1429,29,19333333.33
78,2,1,LZ,WS,NA,N,WS,N,N,1N_2N,SM_WS:SM:N,NA,1,NA
78,2,1,WT,SM,10,N,SM_WS,N,N,1N_2N,SM_WS:SM:N,432946.4286,39,2.60E+07
78,2,1,WT,WS,9,N,SM_WS,N,N,1N_2N,SM_WS:SM:N,292500,29,19333333.33
79,2,1,LZ,SM,NA,N,SM,N,N,1N_2N,WS_WS:SM:N,NA,113,NA
79,2,1,LZ,WS,6,N,WS,N,N,1N_2N,WS_WS:SM:N,401607.1429,134,893333333.3
79,2,1,WT,SM,10,N,SM_WS,N,N,1N_2N,WS_WS:SM:N,432946.4286,7,46666666.67
79,2,1,WT,WS,9,N,SM_WS,N,N,1N_2N,WS_WS:SM:N,292500,67,446666666.7
8,1,2,LZ,SM,3,Y,SM_WS,N,Y,2Y_1N,WS:SM:Y_WS,338928.5714,32,213333333.3
8,1,2,LZ,WS,3,Y,SM_WS,N,Y,2Y_1N,WS:SM:Y_WS,30294.64286,14,93333333.33
8,1,2,WT,SM,NA,N,SM,N,Y,2Y_1N,WS:SM:Y_WS,NA,0,NA
8,1,2,WT,WS,1,N,WS,N,Y,2Y_1N,WS:SM:Y_WS,773035.7143,13,86666666.67
80,2,1,LZ,SM,NA,N,SM,N,N,1N_2N,WS_WS:SM:N,NA,58,NA
80,2,1,LZ,WS,7,N,WS,N,N,1N_2N,WS_WS:SM:N,369107.1429,233,1553333333
80,2,1,WT,SM,10,N,SM_WS,N,N,1N_2N,WS_WS:SM:N,432946.4286,26,173333333.3
80,2,1,WT,WS,9,N,SM_WS,N,N,1N_2N,WS_WS:SM:N,292500,293,1953333333
81,1,2,LZ,SM,7,N,SM_WS,N,N,2N_1N,WS:SM:N_SM,200803.5714,267,1.78E+09
81,1,2,LZ,WS,6,N,SM_WS,N,N,2N_1N,WS:SM:N_SM,200803.5714,24,1.60E+08
81,1,2,WT,SM,9,N,SM,N,N,2N_1N,WS:SM:N_SM,717321.4286,14,93333333.33
81,1,2,WT,WS,NA,N,WS,N,N,2N_1N,WS:SM:N_SM,NA,0,NA
82,1,2,LZ,SM,7,N,SM_WS,N,N,2N_1N,WS:SM:N_SM,200803.5714,138,9.20E+08
82,1,2,LZ,WS,6,N,SM_WS,N,N,2N_1N,WS:SM:N_SM,200803.5714,5,33333333.33
82,1,2,WT,SM,10,N,SM,N,N,2N_1N,WS:SM:N_SM,865892.8571,22,146666666.7
82,1,2,WT,WS,NA,N,WS,N,N,2N_1N,WS:SM:N_SM,NA,0,NA
83,1,2,LZ,SM,7,N,SM_WS,N,N,2N_1N,WS:SM:N_WS,200803.5714,148,986666666.7
83,1,2,LZ,WS,6,N,SM_WS,N,N,2N_1N,WS:SM:N_WS,200803.5714,90,6.00E+08
83,1,2,WT,SM,NA,N,SM,N,N,2N_1N,WS:SM:N_WS,NA,0,NA
83,1,2,WT,WS,9,N,WS,N,N,2N_1N,WS:SM:N_WS,585000,157,1046666667
84,1,2,LZ,SM,7,N,SM_WS,N,N,2N_1N,WS:SM:N_WS,200803.5714,138,9.20E+08
84,1,2,LZ,WS,6,N,SM_WS,N,N,2N_1N,WS:SM:N_WS,200803.5714,75,5.00E+08
84,1,2,WT,SM,NA,N,SM,N,N,2N_1N,WS:SM:N_WS,NA,0,NA
84,1,2,WT,WS,10,N,WS,N,N,2N_1N,WS:SM:N_WS,494464.2857,96,6.40E+08
85,1,2,LZ,SM,6,N,SM_WS,N,N,2N_1N,WS:SM:N_SM,359821.4286,148,986666666.7
85,1,2,LZ,WS,7,N,SM_WS,N,N,2N_1N,WS:SM:N_SM,184553.5714,106,706666666.7
85,1,2,WT,SM,9,N,SM,N,N,2N_1N,WS:SM:N_SM,717321.4286,7,46666666.67
85,1,2,WT,WS,NA,N,WS,N,N,2N_1N,WS:SM:N_SM,NA,0,NA
86,1,2,LZ,SM,6,N,SM_WS,N,N,2N_1N,WS:SM:N_SM,359821.4286,121,806666666.7
86,1,2,LZ,WS,7,N,SM_WS,N,N,2N_1N,WS:SM:N_SM,184553.5714,191,1273333333
86,1,2,WT,SM,10,N,SM,N,N,2N_1N,WS:SM:N_SM,865892.8571,7,46666666.67
86,1,2,WT,WS,NA,N,WS,N,N,2N_1N,WS:SM:N_SM,NA,0,NA
87,1,2,LZ,SM,6,N,SM_WS,N,N,2N_1N,WS:SM:N_WS,359821.4286,104,693333333.3
87,1,2,LZ,WS,7,N,SM_WS,N,N,2N_1N,WS:SM:N_WS,184553.5714,145,966666666.7
87,1,2,WT,SM,NA,N,SM,N,N,2N_1N,WS:SM:N_WS,NA,0,NA
87,1,2,WT,WS,9,N,WS,N,N,2N_1N,WS:SM:N_WS,585000,217,1446666667
88,1,2,LZ,SM,6,N,SM_WS,N,N,2N_1N,WS:SM:N_WS,359821.4286,92,613333333.3
88,1,2,LZ,WS,7,N,SM_WS,N,N,2N_1N,WS:SM:N_WS,184553.5714,15,1.00E+08
88,1,2,WT,SM,NA,N,SM,N,N,2N_1N,WS:SM:N_WS,NA,0,NA
88,1,2,WT,WS,10,N,WS,N,N,2N_1N,WS:SM:N_WS,494464.2857,56,373333333.3
89,2,2,LZ,SM,7,N,SM_WS,N,N,2N_2N,WS:SM:N_WS:SM:N,200803.5714,203,135333333.3
89,2,2,LZ,WS,6,N,SM_WS,N,N,2N_2N,WS:SM:N_WS:SM:N,200803.5714,42,2.80E+07
89,2,2,WT,SM,10,N,SM_WS,N,N,2N_2N,WS:SM:N_WS:SM:N,432946.4286,88,58666666.67
89,2,2,WT,WS,9,N,SM_WS,N,N,2N_2N,WS:SM:N_WS:SM:N,292500,11,7333333.333
9,2,0,LZ,SM,NA,N,SM,Y,N,0N_2Y,NA_WS:SM:Y,NA,0,NA
9,2,0,LZ,WS,NA,N,WS,Y,N,0N_2Y,NA_WS:SM:Y,NA,0,NA
9,2,0,WT,SM,1,Y,SM_WS,Y,N,0N_2Y,NA_WS:SM:Y,23562.5,7,46666666.67
9,2,0,WT,WS,1,Y,SM_WS,Y,N,0N_2Y,NA_WS:SM:Y,386517.8571,105,7.00E+08
90,2,2,LZ,SM,6,N,SM_WS,N,N,2N_2N,WS:SM:N_WS:SM:N,359821.4286,63,4.20E+07
90,2,2,LZ,WS,7,N,SM_WS,N,N,2N_2N,WS:SM:N_WS:SM:N,184553.5714,10,6666666.667
90,2,2,WT,SM,10,N,SM_WS,N,N,2N_2N,WS:SM:N_WS:SM:N,432946.4286,95,63333333.33
90,2,2,WT,WS,9,N,SM_WS,N,N,2N_2N,WS:SM:N_WS:SM:N,292500,19,12666666.67
91,2,2,LZ,SM,7,N,SM_WS,N,N,2N_2N,WS:SM:N_WS:SM:N,200803.5714,45,3.00E+08
91,2,2,LZ,WS,6,N,SM_WS,N,N,2N_2N,WS:SM:N_WS:SM:N,200803.5714,1,6666666.667
91,2,2,WT,SM,9,N,SM_WS,N,N,2N_2N,WS:SM:N_WS:SM:N,358660.7143,9,6.00E+07
91,2,2,WT,WS,10,N,SM_WS,N,N,2N_2N,WS:SM:N_WS:SM:N,247232.1429,1,6666666.667
92,2,2,LZ,SM,6,N,SM_WS,N,N,2N_2N,WS:SM:N_WS:SM:N,359821.4286,47,313333333.3
92,2,2,LZ,WS,7,N,SM_WS,N,N,2N_2N,WS:SM:N_WS:SM:N,184553.5714,6,4.00E+07
92,2,2,WT,SM,9,N,SM_WS,N,N,2N_2N,WS:SM:N_WS:SM:N,358660.7143,9,6.00E+07
92,2,2,WT,WS,10,N,SM_WS,N,N,2N_2N,WS:SM:N_WS:SM:N,247232.1429,3,2.00E+07
93,2,2,LZ,SM,7,N,SM_WS,Y,N,2N_2Y,WS:SM:N_WS:SM:Y,200803.5714,33,2.20E+08
93,2,2,LZ,WS,6,N,SM_WS,Y,N,2N_2Y,WS:SM:N_WS:SM:Y,200803.5714,7,46666666.67
93,2,2,WT,SM,9,Y,SM_WS,Y,N,2N_2Y,WS:SM:N_WS:SM:Y,358660.7143,10,66666666.67
93,2,2,WT,WS,9,Y,SM_WS,Y,N,2N_2Y,WS:SM:N_WS:SM:Y,292500,5,33333333.33
94,2,2,LZ,SM,6,N,SM_WS,Y,N,2N_2Y,WS:SM:N_WS:SM:Y,359821.4286,65,433333333.3
94,2,2,LZ,WS,7,N,SM_WS,Y,N,2N_2Y,WS:SM:N_WS:SM:Y,184553.5714,7,46666666.67
94,2,2,WT,SM,9,Y,SM_WS,Y,N,2N_2Y,WS:SM:N_WS:SM:Y,358660.7143,7,46666666.67
94,2,2,WT,WS,9,Y,SM_WS,Y,N,2N_2Y,WS:SM:N_WS:SM:Y,292500,4,26666666.67
95,2,2,LZ,SM,6,N,SM_WS,Y,N,2N_2Y,WS:SM:N_WS:SM:Y,359821.4286,82,546666666.7
95,2,2,LZ,WS,7,N,SM_WS,Y,N,2N_2Y,WS:SM:N_WS:SM:Y,184553.5714,3,2.00E+07
95,2,2,WT,SM,10,Y,SM_WS,Y,N,2N_2Y,WS:SM:N_WS:SM:Y,432946.4286,6,4.00E+07
95,2,2,WT,WS,10,Y,SM_WS,Y,N,2N_2Y,WS:SM:N_WS:SM:Y,247232.1429,3,2.00E+07
96,2,2,LZ,SM,6,Y,SM_WS,Y,Y,2Y_2Y,WS:SM:Y_WS:SM:Y,359821.4286,41,273333333.3
96,2,2,LZ,WS,6,Y,SM_WS,Y,Y,2Y_2Y,WS:SM:Y_WS:SM:Y,200803.5714,11,73333333.33
96,2,2,WT,SM,10,Y,SM_WS,Y,Y,2Y_2Y,WS:SM:Y_WS:SM:Y,432946.4286,20,133333333.3
96,2,2,WT,WS,10,Y,SM_WS,Y,Y,2Y_2Y,WS:SM:Y_WS:SM:Y,247232.1429,10,66666666.67
97,2,2,LZ,SM,6,Y,SM_WS,Y,Y,2Y_2Y,WS:SM:Y_WS:SM:Y,359821.4286,109,726666666.7
97,2,2,LZ,WS,6,Y,SM_WS,Y,Y,2Y_2Y,WS:SM:Y_WS:SM:Y,200803.5714,7,46666666.67
97,2,2,WT,SM,9,Y,SM_WS,Y,Y,2Y_2Y,WS:SM:Y_WS:SM:Y,358660.7143,24,1.60E+08
97,2,2,WT,WS,9,Y,SM_WS,Y,Y,2Y_2Y,WS:SM:Y_WS:SM:Y,292500,3,2.00E+07
98,2,2,LZ,SM,7,Y,SM_WS,Y,Y,2Y_2Y,WS:SM:Y_WS:SM:Y,200803.5714,191,1273333333
98,2,2,LZ,WS,7,Y,SM_WS,Y,Y,2Y_2Y,WS:SM:Y_WS:SM:Y,184553.5714,7,46666666.67
98,2,2,WT,SM,10,Y,SM_WS,Y,Y,2Y_2Y,WS:SM:Y_WS:SM:Y,432946.4286,42,2.80E+08
98,2,2,WT,WS,10,Y,SM_WS,Y,Y,2Y_2Y,WS:SM:Y_WS:SM:Y,247232.1429,13,86666666.67
99,2,2,LZ,SM,7,Y,SM_WS,Y,Y,2Y_2Y,WS:SM:Y_WS:SM:Y,200803.5714,25,16666666.67
99,2,2,LZ,WS,7,Y,SM_WS,Y,Y,2Y_2Y,WS:SM:Y_WS:SM:Y,184553.5714,1,666666.6667
99,2,2,WT,SM,9,Y,SM_WS,Y,Y,2Y_2Y,WS:SM:Y_WS:SM:Y,358660.7143,53,35333333.33
99,2,2,WT,WS,9,Y,SM_WS,Y,Y,2Y_2Y,WS:SM:Y_WS:SM:Y,292500,11,7333333.333